block	start	end	block_length	n_haplotypes	n_clusters	max_cluster_size	singleton_count	dominance	shannon_entropy
chr21_14284114-14356253	14284114	14356253	72139	5096	650	1687	473	0.331044	4.86589
chr21_14491653-14526114	14491653	14526114	34461	5096	54	2071	26	0.406397	2.53163
chr21_14676745-14684529	14676745	14684529	7784	5096	23	2633	11	0.51668	1.7443
chr21_14842596-14869547	14842596	14869547	26951	5096	3	2650	1	0.520016	1.00134
chr21_14943517-14996326	14943517	14996326	52809	5096	571	1225	358	0.240385	5.16182
chr21_14996326-15066458	14996326	15066458	70132	5096	201	2554	131	0.501177	2.99393
chr21_15083205-15115146	15083205	15115146	31941	5096	413	760	273	0.149137	4.83747
chr21_15115146-15165077	15115146	15165077	49931	5096	295	1704	200	0.33438	3.78604
chr21_15165077-15210390	15165077	15210390	45313	5096	303	1874	184	0.367739	4.24413
chr21_15210390-15290364	15210390	15290364	79974	5096	1051	1446	733	0.283752	6.20094
chr21_15290364-15323137	15290364	15323137	32773	5096	434	2824	288	0.55416	3.63535
chr21_15323137-15430235	15323137	15430235	107098	5096	305	1879	228	0.368721	3.05721
chr21_15430235-15469286	15430235	15469286	39051	5096	53	2917	21	0.57241	2.28531
chr21_15469286-15496556	15469286	15496556	27270	5096	198	1497	110	0.29376	3.31872
chr21_15496556-15550731	15496556	15550731	54175	5096	475	1186	292	0.232732	5.38926
chr21_15550731-15574023	15550731	15574023	23292	5096	163	1719	88	0.337323	3.40355
chr21_15574023-15639705	15574023	15639705	65682	5096	593	1686	399	0.330848	4.82594
chr21_15639705-15660404	15639705	15660404	20699	5096	4	3814	0	0.74843	0.832047
chr21_15660404-15690060	15660404	15690060	29656	5096	58	2715	28	0.532771	2.44811
chr21_15690060-15937303	15690060	15937303	247243	5096	1008	3512	851	0.689168	3.6977
chr21_15937303-15982371	15937303	15982371	45068	5096	316	2511	204	0.492739	3.03131
chr21_15982371-16061946	15982371	16061946	79575	5096	59	3677	39	0.721546	1.4935
chr21_16061946-16150524	16061946	16150524	88578	5096	266	2757	167	0.541013	3.11032
chr21_16150524-16191374	16150524	16191374	40850	5096	422	2943	277	0.577512	3.4038
chr21_16191374-16239920	16191374	16239920	48546	5096	67	4034	46	0.791601	1.1748
chr21_16239920-16280269	16239920	16280269	40349	5096	168	3773	116	0.740385	1.7704
chr21_16280269-16297248	16280269	16297248	16979	5096	2	3589	0	0.704278	0.875999
chr21_16297248-16319457	16297248	16319457	22209	5096	25	2580	12	0.506279	1.66148
chr21_16319457-16353295	16319457	16353295	33838	5096	285	1964	160	0.3854	3.62458
chr21_16353295-16370010	16353295	16370010	16715	5096	2	3682	0	0.722527	0.851984
chr21_16370010-16378468	16370010	16378468	8458	5096	176	1814	111	0.355965	2.99598
chr21_16378468-16402156	16378468	16402156	23688	5096	199	1502	116	0.294741	3.46469
chr21_16402156-16456485	16402156	16456485	54329	5096	62	1578	43	0.309655	2.5358
chr21_16456485-16580241	16456485	16580241	123756	5096	521	3760	376	0.737834	2.8071
chr21_16580241-16630157	16580241	16630157	49916	5096	67	4069	44	0.798469	1.22993
chr21_16630157-16677766	16630157	16677766	47609	5096	678	1849	463	0.362834	4.86253
chr21_16677766-16724962	16677766	16724962	47196	5096	5	4399	1	0.863226	0.646214
chr21_16724962-16849162	16724962	16849162	124200	5096	489	1940	343	0.380691	4.06811
chr21_16849162-16916569	16849162	16916569	67407	5096	368	2554	237	0.501177	3.63791
chr21_16916569-16998481	16916569	16998481	81912	5096	1004	2741	752	0.537873	4.78315
chr21_16998481-17042240	16998481	17042240	43759	5096	48	2931	27	0.575157	1.82065
chr21_17042240-17088184	17042240	17088184	45944	5096	117	1298	66	0.25471	2.9061
chr21_17088184-17184534	17088184	17184534	96350	5096	9	1634	2	0.320644	1.96735
chr21_17184534-17249250	17184534	17249250	64716	5096	293	3714	187	0.728807	2.47882
chr21_17249250-17264482	17249250	17264482	15232	5096	13	4356	6	0.854788	0.712987
chr21_17264482-17334685	17264482	17334685	70203	5096	56	3215	32	0.630887	1.75311
chr21_17334685-17361852	17334685	17361852	27167	5096	32	3193	14	0.62657	1.64764
chr21_17361852-17393213	17361852	17393213	31361	5096	131	2746	87	0.538854	2.13249
chr21_17393213-17429558	17393213	17429558	36345	5096	333	4146	225	0.813579	2.01634
chr21_17429558-17452491	17429558	17452491	22933	5096	533	2260	427	0.443485	2.89886
chr21_17452491-17531438	17452491	17531438	78947	5096	152	4858	116	0.953297	0.587375
chr21_17531438-17578173	17531438	17578173	46735	5096	333	2262	201	0.443878	3.55787
chr21_17578173-17610311	17578173	17610311	32138	5096	29	4777	14	0.937402	0.522651
chr21_17610311-17667204	17610311	17667204	56893	5096	225	2681	129	0.526099	3.16998
chr21_17667204-17730067	17667204	17730067	62863	5096	426	1938	286	0.380298	4.0651
chr21_17730067-17760615	17730067	17760615	30548	5096	20	4288	7	0.841444	0.909301
chr21_17760615-17779249	17760615	17779249	18634	5096	498	847	351	0.166209	5.30235
chr21_17779249-17822383	17779249	17822383	43134	5096	134	2554	78	0.501177	2.87979
chr21_17822383-17882474	17822383	17882474	60091	5096	50	2193	21	0.430338	1.99005
chr21_17882474-17960007	17882474	17960007	77533	5096	583	2635	423	0.517072	3.99873
chr21_17960007-18002849	17960007	18002849	42842	5096	252	2012	139	0.394819	3.64596
chr21_18002849-18042402	18002849	18042402	39553	5096	196	3426	135	0.672292	1.9496
chr21_18042402-18108212	18042402	18108212	65810	5096	311	3013	217	0.591248	2.89339
chr21_18108212-18121304	18108212	18121304	13092	5096	289	2350	189	0.461146	3.34739
chr21_18121304-18133254	18121304	18133254	11950	5096	151	1764	81	0.346154	3.56378
chr21_18133254-18157220	18133254	18157220	23966	5096	123	2220	71	0.435636	2.91223
chr21_18157220-18178967	18157220	18178967	21747	5096	210	2366	141	0.464286	2.34057
chr21_18178967-18194372	18178967	18194372	15405	5096	396	1255	237	0.246272	4.64992
chr21_18194372-18235226	18194372	18235226	40854	5096	287	2757	185	0.541013	3.41022
chr21_18235226-18285924	18235226	18285924	50698	5096	598	3429	403	0.672881	3.44664
chr21_18285924-18314642	18285924	18314642	28718	5096	30	3663	20	0.718799	1.06446
chr21_18314642-18341504	18314642	18341504	26862	5096	225	2162	148	0.424254	2.94937
chr21_18341504-18350513	18341504	18350513	9009	5096	1	5096	0	1	0
chr21_18350513-18409574	18350513	18409574	59061	5096	571	1137	365	0.223116	4.94877
chr21_18409574-18450369	18409574	18450369	40795	5096	546	1001	308	0.196429	5.70071
chr21_18450369-18557855	18450369	18557855	107486	5096	1112	1182	812	0.231947	6.38102
chr21_18557855-18655800	18557855	18655800	97945	5096	2	4130	0	0.81044	0.700551
chr21_18655800-18687057	18655800	18687057	31257	5096	320	1540	193	0.302198	4.35538
chr21_18687057-18750474	18687057	18750474	63417	5096	35	1815	19	0.356162	2.32436
chr21_18750474-18827495	18750474	18827495	77021	5096	192	1653	136	0.324372	2.62928
chr21_18827495-18878179	18827495	18878179	50684	5096	4	3401	1	0.667386	1.22942
chr21_18878179-18986295	18878179	18986295	108116	5096	137	4344	102	0.852433	1.19883
chr21_18986295-19035379	18986295	19035379	49084	5096	746	1330	489	0.260989	5.68357
chr21_19035379-19059044	19035379	19059044	23665	5096	859	1317	526	0.258438	6.03869
chr21_19059044-19098452	19059044	19098452	39408	5096	156	1587	92	0.311421	3.34618
chr21_19098452-19162469	19098452	19162469	64017	5096	29	2968	10	0.582418	1.4466
chr21_19162469-19240111	19162469	19240111	77642	5096	521	2770	329	0.543564	3.95812
chr21_19240111-19290293	19240111	19290293	50182	5096	118	2014	80	0.395212	2.24449
chr21_19290293-19330327	19290293	19330327	40034	5096	135	2382	92	0.467425	2.08328
chr21_19330327-19351245	19330327	19351245	20918	5096	482	1537	277	0.301609	5.23229
chr21_19351245-19460366	19351245	19460366	109121	5096	142	1719	96	0.337323	2.8294
chr21_19460366-19550245	19460366	19550245	89879	5096	772	2658	562	0.521586	4.3831
chr21_19550245-19589149	19550245	19589149	38904	5096	126	3171	90	0.622253	1.78861
chr21_19589149-19651652	19589149	19651652	62503	5096	483	2734	358	0.536499	3.50157
chr21_19651652-19684102	19651652	19684102	32450	5096	815	1015	541	0.199176	6.29089
chr21_19684102-19716712	19684102	19716712	32610	5096	316	828	178	0.16248	4.62363
chr21_19716712-19771352	19716712	19771352	54640	5096	1	5096	0	1	0
chr21_19771352-19838234	19771352	19838234	66882	5096	153	2226	98	0.436813	2.36636
chr21_19838234-19899534	19838234	19899534	61300	5096	136	2715	91	0.532771	2.85694
chr21_19899534-19978426	19899534	19978426	78892	5096	820	1758	550	0.344976	5.59082
chr21_19978426-20023729	19978426	20023729	45303	5096	173	3339	104	0.65522	2.28936
chr21_20023729-20271080	20023729	20271080	247351	5096	214	3250	188	0.637755	1.56884
chr21_20271080-20347668	20271080	20347668	76588	5096	265	1681	192	0.329867	3.0292
chr21_20347668-20373919	20347668	20373919	26251	5096	104	4209	65	0.825942	1.37352
chr21_20373919-20405686	20373919	20405686	31767	5096	112	4374	65	0.85832	1.0743
chr21_20405686-20433053	20405686	20433053	27367	5096	46	3759	29	0.737637	1.15261
chr21_20433053-20444095	20433053	20444095	11042	5096	53	2481	29	0.486852	1.98109
chr21_20444095-20508839	20444095	20508839	64744	5096	14	3412	6	0.669545	0.987157
chr21_20508839-20535063	20508839	20535063	26224	5096	129	1504	80	0.295133	2.90477
chr21_20535063-20549046	20535063	20549046	13983	5096	219	2807	135	0.550824	3.12133
chr21_20549046-20583159	20549046	20583159	34113	5096	95	2352	64	0.461538	1.71639
chr21_20583159-20621429	20583159	20621429	38270	5096	404	3227	254	0.633242	3.09646
chr21_20621429-20650101	20621429	20650101	28672	5096	157	3741	99	0.734105	2.08298
chr21_20650101-20701257	20650101	20701257	51156	5096	1002	502	688	0.0985086	7.00761
chr21_20701257-20795065	20701257	20795065	93808	5096	3	3232	0	0.634223	1.21955
chr21_20795065-20812660	20795065	20812660	17595	5096	97	3662	56	0.718603	1.89024
chr21_20812660-20827373	20812660	20827373	14713	5096	37	3203	24	0.628532	1.55704
chr21_20827373-20899823	20827373	20899823	72450	5096	468	1032	300	0.202512	4.8333
chr21_20899823-20999271	20899823	20999271	99448	5096	471	1795	354	0.352237	4.03989
chr21_20999271-21030086	20999271	21030086	30815	5096	4	4995	2	0.980181	0.143599
chr21_21030086-21081348	21030086	21081348	51262	5096	270	1535	178	0.301217	3.43301
chr21_21081348-21111018	21081348	21111018	29670	5096	239	3810	154	0.747645	2.35751
chr21_21111018-21127587	21111018	21127587	16569	5096	2	5095	1	0.999804	0.00269971
chr21_21127587-21153440	21127587	21153440	25853	5096	7	4959	2	0.973116	0.21431
chr21_21153440-21262777	21153440	21262777	109337	5096	1	5096	0	1	0
chr21_21262777-21442251	21262777	21442251	179474	5096	219	2768	196	0.543171	1.98083
chr21_21442251-21511083	21442251	21511083	68832	5096	137	2773	89	0.544152	1.84989
chr21_21511083-21524294	21511083	21524294	13211	5096	7	3220	4	0.631868	0.963333
chr21_21524294-21558423	21524294	21558423	34129	5096	223	2014	115	0.395212	3.75663
chr21_21558423-21673895	21558423	21673895	115472	5096	9	3687	4	0.723509	0.915366
chr21_21673895-21737271	21673895	21737271	63376	5096	70	4187	38	0.821625	1.22367
chr21_21737271-21792347	21737271	21792347	55076	5096	3	3507	0	0.688187	0.944992
chr21_21792347-21873775	21792347	21873775	81428	5096	148	2002	100	0.392857	2.60203
chr21_21873775-21899413	21873775	21899413	25638	5096	81	2198	42	0.431319	2.30496
chr21_21899413-21903726	21899413	21903726	4313	5096	52	4690	24	0.92033	0.708467
chr21_21903726-21927041	21903726	21927041	23315	5096	116	1539	66	0.302002	2.99383
chr21_21927041-21950781	21927041	21950781	23740	5096	47	4050	22	0.794741	1.16823
chr21_21950781-21990355	21950781	21990355	39574	5096	5	3915	1	0.76825	0.967216
chr21_21990355-22132989	21990355	22132989	142634	5096	153	4226	118	0.829278	1.32046
chr21_22132989-22188278	22132989	22188278	55289	5096	6	3819	0	0.749411	1.25985
chr21_22188278-22265192	22188278	22265192	76914	5096	352	1572	209	0.308477	3.39717
chr21_22265192-22276372	22265192	22276372	11180	5096	16	3747	5	0.735283	1.15033
chr21_22276372-22341011	22276372	22341011	64639	5096	4	2399	0	0.470761	1.40953
chr21_22341011-22410532	22341011	22410532	69521	5096	6	4224	2	0.828885	0.931934
chr21_22410532-22473648	22410532	22473648	63116	5096	597	1938	388	0.380298	4.42551
chr21_22473648-22572893	22473648	22572893	99245	5096	266	2024	181	0.397174	2.76814
chr21_22572893-22613941	22572893	22613941	41048	5096	210	2241	116	0.439757	3.23021
chr21_22613941-22635453	22613941	22635453	21512	5096	143	2976	78	0.583987	2.27133
chr21_22635453-22682638	22635453	22682638	47185	5096	15	2517	7	0.493917	1.59063
chr21_22682638-22736324	22682638	22736324	53686	5096	83	4269	38	0.837716	1.36117
chr21_22736324-22843726	22736324	22843726	107402	5096	399	1245	293	0.244309	3.84914
chr21_22843726-22906276	22843726	22906276	62550	5096	164	3046	108	0.597724	2.19138
chr21_22906276-22984186	22906276	22984186	77910	5096	7	1965	2	0.385597	1.5765
chr21_22984186-23064566	22984186	23064566	80380	5096	423	1995	278	0.391484	3.89742
chr21_23064566-23115757	23064566	23115757	51191	5096	102	2738	48	0.537284	2.48184
chr21_23115757-23195514	23115757	23195514	79757	5096	131	2324	80	0.456044	2.65062
chr21_23195514-23256742	23195514	23256742	61228	5096	3	4549	0	0.892661	0.518844
chr21_23256742-23291576	23256742	23291576	34834	5096	30	1717	16	0.336931	2.27904
chr21_23291576-23323909	23291576	23323909	32333	5096	75	2240	34	0.43956	2.51679
chr21_23323909-23390317	23323909	23390317	66408	5096	770	1077	515	0.211342	5.90529
chr21_23390317-23437867	23390317	23437867	47550	5096	636	1795	441	0.352237	4.26743
chr21_23437867-23459697	23437867	23459697	21830	5096	8	2366	1	0.464286	1.61197
chr21_23459697-23530225	23459697	23530225	70528	5096	4	3960	0	0.77708	0.78341
chr21_23530225-23593656	23530225	23593656	63431	5096	374	3191	271	0.626177	2.96389
chr21_23593656-23680916	23593656	23680916	87260	5096	165	3133	115	0.614796	2.31527
chr21_23680916-23719854	23680916	23719854	38938	5096	6	4597	2	0.90208	0.517229
chr21_23719854-23734300	23719854	23734300	14446	5096	33	3775	20	0.740777	1.13615
chr21_23734300-23773207	23734300	23773207	38907	5096	39	2301	27	0.451531	1.7468
chr21_23773207-23808478	23773207	23808478	35271	5096	237	2363	134	0.463697	3.43635
chr21_23808478-23848351	23808478	23848351	39873	5096	134	4383	93	0.860086	1.2407
chr21_23848351-23874000	23848351	23874000	25649	5096	222	1640	123	0.321821	3.65798
chr21_23874000-23935543	23874000	23935543	61543	5096	541	1084	352	0.212716	5.32851
chr21_23935543-23961054	23935543	23961054	25511	5096	17	3492	8	0.685243	1.35267
chr21_23961054-23964905	23961054	23964905	3851	5096	228	2652	121	0.520408	3.33833
chr21_23964905-24005235	23964905	24005235	40330	5096	92	2110	50	0.41405	2.50482
chr21_24005235-24065588	24005235	24065588	60353	5096	762	1593	521	0.312598	5.21535
chr21_24065588-24085078	24065588	24085078	19490	5096	57	2592	35	0.508634	1.39837
chr21_24085078-24133311	24085078	24133311	48233	5096	154	2379	110	0.466837	2.21791
chr21_24133311-24214389	24133311	24214389	81078	5096	428	2828	325	0.554945	3.13564
chr21_24214389-24408437	24214389	24408437	194048	5096	722	3392	615	0.66562	3.08155
chr21_24408437-24434884	24408437	24434884	26447	5096	32	1932	12	0.379121	2.09106
chr21_24434884-24528432	24434884	24528432	93548	5096	25	3936	13	0.77237	1.12885
chr21_24528432-24568465	24528432	24568465	40033	5096	24	2862	11	0.561617	1.52478
chr21_24568465-24591368	24568465	24591368	22903	5096	61	2699	26	0.529631	2.65933
chr21_24591368-24637127	24591368	24637127	45759	5096	15	2118	9	0.41562	1.58116
chr21_24637127-24657151	24637127	24657151	20024	5096	83	1893	47	0.371468	2.56495
chr21_24657151-24716801	24657151	24716801	59650	5096	242	2367	178	0.464482	2.55419
chr21_24716801-24791632	24716801	24791632	74831	5096	667	453	418	0.0888932	6.15677
chr21_24791632-24811923	24791632	24811923	20291	5096	84	2244	47	0.440345	2.0605
chr21_24811923-24840600	24811923	24840600	28677	5096	5	2887	2	0.566523	1.36603
chr21_24840600-24993549	24840600	24993549	152949	5096	245	3508	190	0.688383	2.02062
chr21_24993549-25101321	24993549	25101321	107772	5096	303	2292	206	0.449765	3.12891
chr21_25101321-25135407	25101321	25135407	34086	5096	3	2977	0	0.584184	0.983964
chr21_25135407-25263753	25135407	25263753	128346	5096	243	2564	163	0.50314	2.81917
chr21_25263753-25395817	25263753	25395817	132064	5096	571	2407	373	0.472331	3.97017
chr21_25395817-25513755	25395817	25513755	117938	5096	335	1048	222	0.205651	3.88833
chr21_25513755-25625354	25513755	25625354	111599	5096	20	2077	13	0.407575	1.94025
chr21_25625354-25675350	25625354	25675350	49996	5096	446	1151	270	0.225863	4.83973
chr21_25675350-25805625	25675350	25805625	130275	5096	149	1740	111	0.341444	2.77475
chr21_25805625-25870085	25805625	25870085	64460	5096	226	3366	160	0.660518	2.15374
chr21_25870085-25896429	25870085	25896429	26344	5096	39	3899	23	0.76511	1.32008
chr21_25896429-25957812	25896429	25957812	61383	5096	1	5096	0	1	0
chr21_25957812-26027225	25957812	26027225	69413	5096	44	4873	29	0.95624	0.417148
chr21_26027225-26093280	26027225	26093280	66055	5096	472	1065	327	0.208987	4.59475
chr21_26093280-26192663	26093280	26192663	99383	5096	404	1612	276	0.316327	3.89649
chr21_26192663-26235946	26192663	26235946	43283	5096	196	1188	109	0.233124	4.00074
chr21_26235946-26278995	26235946	26278995	43049	5096	226	2517	133	0.493917	3.44534
chr21_26278995-26301649	26278995	26301649	22654	5096	2	4019	0	0.788658	0.744041
chr21_26301649-26376711	26301649	26376711	75062	5096	192	2210	120	0.433673	2.7675
chr21_26376711-26406099	26376711	26406099	29388	5096	10	4507	5	0.884419	0.664917
chr21_26406099-26423081	26406099	26423081	16982	5096	208	2354	115	0.461931	2.97346
chr21_26423081-26438404	26423081	26438404	15323	5096	148	3019	75	0.592425	2.52557
chr21_26438404-26473216	26438404	26473216	34812	5096	353	1918	251	0.376374	3.89237
chr21_26473216-26506144	26473216	26506144	32928	5096	314	3062	205	0.600863	2.83613
chr21_26506144-26544059	26506144	26544059	37915	5096	40	2291	23	0.449568	2.10702
chr21_26544059-26652378	26544059	26652378	108319	5096	246	2940	181	0.576923	2.32654
chr21_26652378-26722836	26652378	26722836	70458	5096	22	2809	12	0.551217	1.88321
chr21_26722836-26773970	26722836	26773970	51134	5096	369	1403	255	0.275314	3.82528
chr21_26773970-26788916	26773970	26788916	14946	5096	19	2560	7	0.502355	2.01778
chr21_26788916-26837076	26788916	26837076	48160	5096	9	1947	2	0.382064	1.87491
chr21_26837076-26857883	26837076	26857883	20807	5096	512	2390	309	0.468995	4.35132
chr21_26857883-26909921	26857883	26909921	52038	5096	101	1180	67	0.231554	2.84379
chr21_26909921-26961235	26909921	26961235	51314	5096	144	2012	91	0.394819	2.64883
chr21_26961235-27017869	26961235	27017869	56634	5096	502	1417	337	0.278061	4.70831
chr21_27017869-27132330	27017869	27132330	114461	5096	298	2116	248	0.415228	2.3838
chr21_27132330-27191822	27132330	27191822	59492	5096	546	1580	383	0.310047	4.4434
chr21_27191822-27211633	27191822	27211633	19811	5096	31	4205	10	0.825157	1.03571
chr21_27211633-27247990	27211633	27247990	36357	5096	94	1608	64	0.315542	2.65803
chr21_27247990-27259520	27247990	27259520	11530	5096	17	1830	7	0.359105	1.95088
chr21_27259520-27297861	27259520	27297861	38341	5096	250	1732	167	0.339874	3.23085
chr21_27297861-27339110	27297861	27339110	41249	5096	476	802	276	0.157378	5.4304
chr21_27339110-27455064	27339110	27455064	115954	5096	382	2667	347	0.523352	2.37404
chr21_27455064-27471229	27455064	27471229	16165	5096	28	4158	11	0.815934	1.0898
chr21_27471229-27494990	27471229	27494990	23761	5096	116	966	59	0.18956	3.67797
chr21_27494990-27557238	27494990	27557238	62248	5096	104	4219	56	0.827904	1.34423
chr21_27557238-27585879	27557238	27585879	28641	5096	163	2425	87	0.475863	3.04918
chr21_27585879-27630685	27585879	27630685	44806	5096	176	3993	104	0.783556	1.7719
chr21_27630685-27753612	27630685	27753612	122927	5096	1009	1168	795	0.229199	5.74201
chr21_27753612-27916072	27753612	27916072	162460	5096	1233	2606	1045	0.511381	4.8412
chr21_27916072-28050126	27916072	28050126	134054	5096	51	1911	41	0.375	2.01281
chr21_28050126-28075197	28050126	28075197	25071	5096	57	4314	37	0.846546	1.00984
chr21_28075197-28096501	28075197	28096501	21304	5096	445	777	253	0.152473	5.4805
chr21_28096501-28109155	28096501	28109155	12654	5096	47	3032	24	0.594976	1.72706
chr21_28109155-28144739	28109155	28144739	35584	5096	5	2451	1	0.480965	1.51322
chr21_28144739-28176640	28144739	28176640	31901	5096	80	4318	46	0.847331	1.16798
chr21_28176640-28229118	28176640	28229118	52478	5096	464	1902	285	0.373234	4.18099
chr21_28229118-28352570	28229118	28352570	123452	5096	208	1520	134	0.298273	3.42137
chr21_28352570-28431234	28352570	28431234	78664	5096	310	3458	214	0.678571	2.2815
chr21_28431234-28481248	28431234	28481248	50014	5096	45	4858	28	0.953297	0.431154
chr21_28481248-28583431	28481248	28583431	102183	5096	265	1961	177	0.384812	3.60853
chr21_28583431-28619682	28583431	28619682	36251	5096	80	2910	52	0.571036	1.62315
chr21_28619682-28833184	28619682	28833184	213502	5096	414	1678	357	0.329278	3.12096
chr21_28833184-28938317	28833184	28938317	105133	5096	123	2460	71	0.482732	2.70211
chr21_28938317-29160465	28938317	29160465	222148	5096	119	2338	81	0.458791	2.31613
chr21_29160465-29222424	29160465	29222424	61959	5096	203	1425	122	0.279631	2.97518
chr21_29222424-29473754	29222424	29473754	251330	5096	399	2333	294	0.45781	3.35129
chr21_29473754-29585187	29473754	29585187	111433	5096	10	3880	4	0.761381	1.02923
chr21_29585187-29689750	29585187	29689750	104563	5096	1002	1934	712	0.379513	5.8492
chr21_29689750-29824299	29689750	29824299	134549	5096	1020	1997	690	0.391876	6.03495
chr21_29824299-29878470	29824299	29878470	54171	5096	1016	2966	927	0.582025	3.97029
chr21_29878470-30013189	29878470	30013189	134719	5096	164	3219	120	0.631672	1.83968
chr21_30013189-30035321	30013189	30035321	22132	5096	9	3046	2	0.597724	1.47268
chr21_30035321-30115916	30035321	30115916	80595	5096	83	2525	63	0.495487	1.54642
chr21_30115916-30177534	30115916	30177534	61618	5096	86	3389	40	0.665031	1.96961
chr21_30177534-30215064	30177534	30215064	37530	5096	5	2817	0	0.552786	1.68752
chr21_30215064-30318453	30215064	30318453	103389	5096	8	2483	2	0.487245	2.00303
chr21_30318453-30381771	30318453	30381771	63318	5096	156	1644	101	0.322606	2.88447
chr21_30381771-30663144	30381771	30663144	281373	5096	1332	2224	1173	0.436421	5.11493
chr21_30663144-30843388	30663144	30843388	180244	5096	238	2603	200	0.510793	2.15969
chr21_30843388-30916855	30843388	30916855	73467	5096	195	2615	128	0.513148	1.95433
chr21_30916855-31006713	30916855	31006713	89858	5096	57	2999	39	0.588501	1.55595
chr21_31006713-31088917	31006713	31088917	82204	5096	352	2467	241	0.484105	3.13041
chr21_31088917-31120713	31088917	31120713	31796	5096	138	2140	79	0.419937	2.58265
chr21_31120713-31152126	31120713	31152126	31413	5096	314	2075	201	0.407182	3.25192
chr21_31152126-31296802	31152126	31296802	144676	5096	467	2867	371	0.562598	3.23075
chr21_31296802-31330759	31296802	31330759	33957	5096	161	1732	75	0.339874	3.28877
chr21_31330759-31373379	31330759	31373379	42620	5096	445	2268	295	0.445055	3.73599
chr21_31373379-31395092	31373379	31395092	21713	5096	339	2178	205	0.427394	3.93454
chr21_31395092-31438586	31395092	31438586	43494	5096	458	3525	284	0.691719	3.20599
chr21_31438586-31547272	31438586	31547272	108686	5096	366	1899	297	0.372645	3.11157
chr21_31547272-31619348	31547272	31619348	72076	5096	536	878	348	0.172292	5.11235
chr21_31619348-31761846	31619348	31761846	142498	5096	339	2234	226	0.438383	3.37492
chr21_31761846-31810170	31761846	31810170	48324	5096	57	2458	37	0.482339	2.02412
chr21_31810170-31859247	31810170	31859247	49077	5096	126	1929	84	0.378532	2.66311
chr21_31859247-31901949	31859247	31901949	42702	5096	372	2961	265	0.581044	3.02024
chr21_31901949-31960321	31901949	31960321	58372	5096	66	2643	36	0.518642	2.58602
chr21_31960321-31982451	31960321	31982451	22130	5096	512	2431	289	0.477041	4.51065
chr21_31982451-32010138	31982451	32010138	27687	5096	78	3216	49	0.631083	2.06936
chr21_32010138-32049124	32010138	32049124	38986	5096	117	1953	72	0.383242	3.08655
chr21_32049124-32063819	32049124	32063819	14695	5096	192	1642	98	0.322214	3.85537
chr21_32063819-32097369	32063819	32097369	33550	5096	225	3664	150	0.718995	2.2733
chr21_32097369-32108864	32097369	32108864	11495	5096	29	1215	12	0.238422	2.81605
chr21_32108864-32156250	32108864	32156250	47386	5096	277	3743	163	0.734498	2.36654
chr21_32156250-32166029	32156250	32166029	9779	5096	6	2071	1	0.406397	1.65647
chr21_32166029-32298296	32166029	32298296	132267	5096	522	2271	405	0.445644	3.36734
chr21_32298296-32402475	32298296	32402475	104179	5096	110	3390	73	0.665228	1.8522
chr21_32402475-32437520	32402475	32437520	35045	5096	215	1936	127	0.379906	3.40568
chr21_32437520-32497130	32437520	32497130	59610	5096	270	1165	179	0.228611	3.61286
chr21_32497130-32555576	32497130	32555576	58446	5096	344	2612	219	0.512559	3.50325
chr21_32555576-32622424	32555576	32622424	66848	5096	852	2167	597	0.425235	5.29134
chr21_32622424-32731795	32622424	32731795	109371	5096	25	2223	10	0.436224	2.14852
chr21_32731795-32809150	32731795	32809150	77355	5096	2	3779	0	0.741562	0.82438
chr21_32809150-32898969	32809150	32898969	89819	5096	5	2743	0	0.538265	1.26136
chr21_32898969-32943799	32898969	32943799	44830	5096	87	2367	49	0.464482	2.26061
chr21_32943799-32988348	32943799	32988348	44549	5096	820	1881	549	0.369113	5.60094
chr21_32988348-33004280	32988348	33004280	15932	5096	4	3748	1	0.735479	1.06451
chr21_33004280-33032809	33004280	33032809	28529	5096	473	948	310	0.186028	4.64386
chr21_33032809-33059789	33032809	33059789	26980	5096	93	2721	48	0.533948	2.17952
chr21_33059789-33112672	33059789	33112672	52883	5096	74	2509	43	0.492347	1.93919
chr21_33112672-33129348	33112672	33129348	16676	5096	8	2578	1	0.505887	1.8806
chr21_33129348-33139656	33129348	33139656	10308	5096	22	2177	7	0.427198	2.12815
chr21_33139656-33171384	33139656	33171384	31728	5096	400	1612	249	0.316327	4.6227
chr21_33171384-33197429	33171384	33197429	26045	5096	408	2164	241	0.424647	4.29889
chr21_33197429-33216189	33197429	33216189	18760	5096	49	2621	18	0.514325	2.26867
chr21_33216189-33278486	33216189	33278486	62297	5096	239	2506	160	0.491758	2.40358
chr21_33278486-33293145	33278486	33293145	14659	5096	76	2343	34	0.459772	2.36178
chr21_33293145-33313599	33293145	33313599	20454	5096	10	3703	3	0.726648	1.13989
chr21_33313599-33370311	33313599	33370311	56712	5096	4	2939	0	0.576727	1.58923
chr21_33370311-33391982	33370311	33391982	21671	5096	55	1938	23	0.380298	2.51246
chr21_33391982-33658920	33391982	33658920	266938	5096	4	3535	1	0.693681	0.916494
chr21_33658920-33834576	33658920	33834576	175656	5096	507	1777	358	0.348705	3.71721
chr21_33834576-33852066	33834576	33852066	17490	5096	158	2907	86	0.570447	2.65515
chr21_33852066-33875156	33852066	33875156	23090	5096	102	1833	49	0.359694	3.05176
chr21_33875156-33984355	33875156	33984355	109199	5096	414	2408	322	0.472527	3.25871
chr21_33984355-34003815	33984355	34003815	19460	5096	325	1415	188	0.277669	4.1798
chr21_34003815-34052510	34003815	34052510	48695	5096	122	2579	80	0.506083	2.3903
chr21_34052510-34169114	34052510	34169114	116604	5096	2	3676	0	0.72135	0.853605
chr21_34169114-34219191	34169114	34219191	50077	5096	31	2862	17	0.561617	1.76975
chr21_34219191-34283778	34219191	34283778	64587	5096	460	2531	303	0.496664	3.88421
chr21_34283778-34303666	34283778	34303666	19888	5096	2	5068	0	0.994505	0.0491567
chr21_34303666-34352790	34303666	34352790	49124	5096	223	2325	140	0.45624	2.48536
chr21_34352790-34366811	34352790	34366811	14021	5096	401	2184	201	0.428571	4.2498
chr21_34366811-34511546	34366811	34511546	144735	5096	28	2166	13	0.425039	2.06103
chr21_34511546-34532399	34511546	34532399	20853	5096	111	1386	49	0.271978	3.58873
chr21_34532399-34567115	34532399	34567115	34716	5096	9	3609	1	0.708203	0.942492
chr21_34567115-34595494	34567115	34595494	28379	5096	6	2065	0	0.40522	2.27819
chr21_34595494-34639908	34595494	34639908	44414	5096	34	1684	16	0.330455	2.46952
chr21_34639908-34724315	34639908	34724315	84407	5096	656	2431	437	0.477041	4.71844
chr21_34724315-34758029	34724315	34758029	33714	5096	25	3718	8	0.729592	1.39239
chr21_34758029-34815603	34758029	34815603	57574	5096	155	4439	91	0.871075	1.27023
chr21_34815603-34852666	34815603	34852666	37063	5096	3	3286	0	0.644819	0.973506
chr21_34852666-34872168	34852666	34872168	19502	5096	218	2245	144	0.440542	3.16656
chr21_34872168-34907296	34872168	34907296	35128	5096	567	1206	342	0.236656	5.51612
chr21_34907296-34928798	34907296	34928798	21502	5096	42	2855	26	0.560243	1.91068
chr21_34928798-34966967	34928798	34966967	38169	5096	334	3009	195	0.590463	3.23847
chr21_34966967-34993975	34966967	34993975	27008	5096	174	3068	122	0.602041	2.25399
chr21_34993975-35042797	34993975	35042797	48822	5096	1006	1955	737	0.383634	5.66511
chr21_35042797-35109762	35042797	35109762	66965	5096	661	2310	467	0.453297	4.05211
chr21_35109762-35137421	35109762	35137421	27659	5096	14	1467	5	0.287873	2.09171
chr21_35137421-35151608	35137421	35151608	14187	5096	9	3385	1	0.664246	1.18258
chr21_35151608-35188777	35151608	35188777	37169	5096	262	2055	158	0.403257	3.52779
chr21_35188777-35225283	35188777	35225283	36506	5096	400	2288	239	0.44898	4.13598
chr21_35225283-35294042	35225283	35294042	68759	5096	777	838	513	0.164443	6.16485
chr21_35294042-35317453	35294042	35317453	23411	5096	3	2625	0	0.51511	1.00394
chr21_35317453-35372570	35317453	35372570	55117	5096	122	1305	67	0.256083	3.2895
chr21_35372570-35449600	35372570	35449600	77030	5096	1229	2081	911	0.408359	5.81951
chr21_35449600-35471634	35449600	35471634	22034	5096	4	3770	1	0.739796	0.910168
chr21_35471634-35513619	35471634	35513619	41985	5096	224	3687	153	0.723509	2.02257
chr21_35513619-35542372	35513619	35542372	28753	5096	18	3111	5	0.610479	1.5035
chr21_35542372-35687408	35542372	35687408	145036	5096	4	3729	0	0.73175	0.917133
chr21_35687408-35766526	35687408	35766526	79118	5096	486	1558	304	0.30573	4.63262
chr21_35766526-35934704	35766526	35934704	168178	5096	1870	844	1469	0.16562	8.0745
chr21_35934704-36003345	35934704	36003345	68641	5096	706	2688	572	0.527473	3.67345
chr21_36003345-36087866	36003345	36087866	84521	5096	350	1941	243	0.380887	3.36144
chr21_36087866-36176461	36087866	36176461	88595	5096	676	2879	532	0.564953	3.32424
chr21_36176461-36227357	36176461	36227357	50896	5096	27	2240	12	0.43956	2.0437
chr21_36227357-36270778	36227357	36270778	43421	5096	19	2008	5	0.394035	2.38087
chr21_36270778-36297848	36270778	36297848	27070	5096	25	2937	15	0.576334	1.59513
chr21_36297848-36308660	36297848	36308660	10812	5096	250	2066	163	0.405416	3.22699
chr21_36308660-36428442	36308660	36428442	119782	5096	277	2120	180	0.416013	2.86971
chr21_36428442-36464179	36428442	36464179	35737	5096	356	1386	226	0.271978	3.90945
chr21_36464179-36499706	36464179	36499706	35527	5096	170	2571	116	0.504513	2.41167
chr21_36499706-36625327	36499706	36625327	125621	5096	96	2685	75	0.526884	1.80895
chr21_36625327-36669312	36625327	36669312	43985	5096	379	2200	278	0.431711	2.89568
chr21_36669312-36701940	36669312	36701940	32628	5096	29	2351	17	0.461342	1.74976
chr21_36701940-36719738	36701940	36719738	17798	5096	2	4003	0	0.785518	0.749963
chr21_36719738-36750441	36719738	36750441	30703	5096	795	1627	567	0.31927	5.25812
chr21_36750441-36782120	36750441	36782120	31679	5096	230	4462	151	0.875589	1.36162
chr21_36782120-36812347	36782120	36812347	30227	5096	93	3235	60	0.634812	2.22004
chr21_36812347-36848567	36812347	36848567	36220	5096	7	2716	1	0.532967	1.96556
chr21_36848567-36922402	36848567	36922402	73835	5096	247	1549	170	0.303964	3.27394
chr21_36922402-36984537	36922402	36984537	62135	5096	181	2171	117	0.42602	2.58058
chr21_36984537-37035923	36984537	37035923	51386	5096	375	2988	257	0.586342	2.8376
chr21_37035923-37059262	37035923	37059262	23339	5096	6	2625	2	0.51511	1.04847
chr21_37059262-37232269	37059262	37232269	173007	5096	52	5009	46	0.982928	0.203618
chr21_37232269-37284237	37232269	37284237	51968	5096	81	2620	52	0.514129	2.14143
chr21_37284237-37338878	37284237	37338878	54641	5096	117	2795	71	0.548469	2.21525
chr21_37338878-37563977	37338878	37563977	225099	5096	1719	1699	1461	0.333399	6.70988
chr21_37563977-37613010	37563977	37613010	49033	5096	75	1989	45	0.390306	2.2922
chr21_37613010-37716482	37613010	37716482	103472	5096	269	3398	213	0.666797	2.13543
chr21_37716482-37758556	37716482	37758556	42074	5096	163	2066	84	0.405416	3.16273
chr21_37758556-37778452	37758556	37778452	19896	5096	19	2429	7	0.476648	2.01873
chr21_37778452-37816429	37778452	37816429	37977	5096	31	2751	12	0.539835	1.34639
chr21_37816429-37855273	37816429	37855273	38844	5096	124	1984	70	0.389325	2.52622
chr21_37855273-37881790	37855273	37881790	26517	5096	88	2957	50	0.580259	2.09261
chr21_37881790-37913150	37881790	37913150	31360	5096	304	929	180	0.1823	4.69955
chr21_37913150-37955865	37913150	37955865	42715	5096	28	2112	13	0.414443	2.09716
chr21_37955865-37985092	37955865	37985092	29227	5096	248	1448	148	0.284144	3.54437
chr21_37985092-38078464	37985092	38078464	93372	5096	3	3135	1	0.615188	0.963799
chr21_38078464-38254499	38078464	38254499	176035	5096	22	4334	15	0.850471	0.682575
chr21_38254499-38326579	38254499	38326579	72080	5096	255	2872	177	0.563579	2.86139
chr21_38326579-38360723	38326579	38360723	34144	5096	488	1992	320	0.390895	4.46508
chr21_38360723-38404563	38360723	38404563	43840	5096	106	2592	58	0.508634	2.79625
chr21_38404563-38439239	38404563	38439239	34676	5096	516	2114	327	0.414835	4.25124
chr21_38439239-38459873	38439239	38459873	20634	5096	23	4220	13	0.8281	0.850932
chr21_38459873-38499352	38459873	38499352	39479	5096	70	2088	38	0.409733	2.35715
chr21_38499352-38530588	38499352	38530588	31236	5096	81	2333	50	0.45781	2.08519
chr21_38530588-38586941	38530588	38586941	56353	5096	125	2194	75	0.430534	2.19401
chr21_38586941-38641135	38586941	38641135	54194	5096	443	1956	271	0.38383	4.4704
chr21_38641135-38702776	38641135	38702776	61641	5096	57	1576	27	0.309262	2.68496
chr21_38702776-38747538	38702776	38747538	44762	5096	672	2848	465	0.55887	3.94307
chr21_38747538-38822104	38747538	38822104	74566	5096	155	1861	112	0.365188	2.80664
chr21_38822104-38862278	38822104	38862278	40174	5096	109	3105	61	0.609301	2.23571
chr21_38862278-38916653	38862278	38916653	54375	5096	259	2635	174	0.517072	2.6445
chr21_38916653-38946035	38916653	38946035	29382	5096	523	699	336	0.137166	5.40928
chr21_38946035-38978194	38946035	38978194	32159	5096	145	2072	77	0.406593	2.81245
chr21_38978194-39001778	38978194	39001778	23584	5096	863	934	563	0.183281	6.77023
chr21_39001778-39016132	39001778	39016132	14354	5096	167	3291	103	0.645801	2.25815
chr21_39016132-39035323	39016132	39035323	19191	5096	83	2186	36	0.428964	2.78579
chr21_39035323-39079868	39035323	39079868	44545	5096	131	2207	81	0.433085	2.51391
chr21_39079868-39112030	39079868	39112030	32162	5096	651	2287	473	0.448783	4.03337
chr21_39112030-39140867	39112030	39140867	28837	5096	44	2974	27	0.583595	1.39971
chr21_39140867-39347101	39140867	39347101	206234	5096	1456	2214	1273	0.434458	5.5144
chr21_39347101-39361832	39347101	39361832	14731	5096	56	1455	20	0.285518	3.04409
chr21_39361832-39447759	39361832	39447759	85927	5096	278	3130	178	0.614207	2.55745
chr21_39447759-39527144	39447759	39527144	79385	5096	7	2223	2	0.436224	1.57314
chr21_39527144-39566204	39527144	39566204	39060	5096	146	1949	82	0.382457	2.58043
chr21_39566204-39609134	39566204	39609134	42930	5096	755	2124	490	0.416797	4.9834
chr21_39609134-39655927	39609134	39655927	46793	5096	910	596	622	0.116954	6.54227
chr21_39655927-39674795	39655927	39674795	18868	5096	214	1689	108	0.331436	3.61901
chr21_39674795-39700970	39674795	39700970	26175	5096	274	1061	150	0.208203	4.49702
chr21_39700970-39725817	39700970	39725817	24847	5096	128	2710	78	0.53179	2.68555
chr21_39725817-39738194	39725817	39738194	12377	5096	103	1728	50	0.339089	3.02885
chr21_39738194-39758521	39738194	39758521	20327	5096	2	3938	0	0.772763	0.773164
chr21_39758521-39773248	39758521	39773248	14727	5096	23	2311	11	0.453493	1.88783
chr21_39773248-39870888	39773248	39870888	97640	5096	322	3958	229	0.776688	1.95621
chr21_39870888-39888309	39870888	39888309	17421	5096	29	3099	9	0.608124	1.49914
chr21_39888309-39906416	39888309	39906416	18107	5096	103	2561	61	0.502551	2.58454
chr21_39906416-39912788	39906416	39912788	6372	5096	12	3893	6	0.763932	1.13015
chr21_39912788-39938032	39912788	39938032	25244	5096	467	2781	288	0.545722	3.87824
chr21_39938032-39974192	39938032	39974192	36160	5096	342	1466	209	0.287677	3.88473
chr21_39974192-40017687	39974192	40017687	43495	5096	151	2161	114	0.424058	2.45015
chr21_40017687-40092507	40017687	40092507	74820	5096	739	1416	546	0.277865	4.91359
chr21_40092507-40141083	40092507	40141083	48576	5096	543	1326	322	0.260204	5.35215
chr21_40141083-40160047	40141083	40160047	18964	5096	100	2295	68	0.450353	2.06436
chr21_40160047-40170273	40160047	40170273	10226	5096	32	2920	17	0.572998	2.00929
chr21_40170273-40208671	40170273	40208671	38398	5096	425	2102	261	0.41248	4.49382
chr21_40208671-40295306	40208671	40295306	86635	5096	250	1967	172	0.385989	2.97844
chr21_40295306-40335569	40295306	40335569	40263	5096	487	3418	350	0.670722	2.97419
chr21_40335569-40388490	40335569	40388490	52921	5096	65	2599	45	0.510008	1.88557
chr21_40388490-40430845	40388490	40430845	42355	5096	663	523	391	0.10263	6.14755
chr21_40430845-40445499	40430845	40445499	14654	5096	4	2913	0	0.571625	1.02637
chr21_40445499-40489964	40445499	40489964	44465	5096	117	1421	71	0.278846	2.97931
chr21_40489964-40546044	40489964	40546044	56080	5096	573	3047	394	0.59792	3.65019
chr21_40546044-40628086	40546044	40628086	82042	5096	850	2132	649	0.418367	4.77266
chr21_40628086-40658392	40628086	40658392	30306	5096	133	2520	85	0.494505	1.95177
chr21_40658392-40687139	40658392	40687139	28747	5096	13	2318	6	0.454867	1.6301
chr21_40687139-40733193	40687139	40733193	46054	5096	112	2546	55	0.499608	3.03635
chr21_40733193-40760876	40733193	40760876	27683	5096	118	1474	59	0.289246	3.0143
chr21_40760876-40812764	40760876	40812764	51888	5096	586	1946	371	0.381868	5.21648
chr21_40812764-40827377	40812764	40827377	14613	5096	143	3026	90	0.593799	2.43294
chr21_40827377-40854078	40827377	40854078	26701	5096	30	3022	14	0.593014	1.54641
chr21_40854078-40903434	40854078	40903434	49356	5096	868	1390	631	0.272763	5.3822
chr21_40903434-40911541	40903434	40911541	8107	5096	3	3396	0	0.666405	0.987297
chr21_40911541-40961810	40911541	40961810	50269	5096	564	1699	390	0.333399	4.6985
chr21_40961810-41007298	40961810	41007298	45488	5096	99	2449	54	0.480573	1.76289
chr21_41007298-41050067	41007298	41050067	42769	5096	72	2721	56	0.533948	1.68447
chr21_41050067-41119193	41050067	41119193	69126	5096	921	2428	657	0.476452	5.03249
chr21_41119193-41149683	41119193	41149683	30490	5096	651	2481	434	0.486852	4.67685
chr21_41149683-41176297	41149683	41176297	26614	5096	209	4310	141	0.845761	1.43171
chr21_41176297-41200113	41176297	41200113	23816	5096	700	2699	492	0.529631	4.49867
chr21_41200113-41223963	41200113	41223963	23850	5096	205	2899	132	0.568878	2.61504
chr21_41223963-41285621	41223963	41285621	61658	5096	128	2773	96	0.544152	1.93495
chr21_41285621-41339352	41285621	41339352	53731	5096	471	1362	302	0.267268	4.95162
chr21_41339352-41356506	41339352	41356506	17154	5096	40	3576	14	0.701727	1.78567
chr21_41356506-41378485	41356506	41378485	21979	5096	36	2630	18	0.516091	2.05892
chr21_41378485-41425130	41378485	41425130	46645	5096	412	2023	285	0.396978	3.87978
chr21_41425130-41447892	41425130	41447892	22762	5096	57	2048	31	0.401884	2.13442
chr21_41447892-41493979	41447892	41493979	46087	5096	35	3073	26	0.603022	1.65887
chr21_41493979-41545438	41493979	41545438	51459	5096	82	2066	54	0.405416	2.29467
chr21_41545438-41586573	41545438	41586573	41135	5096	788	2185	568	0.428768	4.52403
chr21_41586573-41614759	41586573	41614759	28186	5096	134	1331	77	0.261185	3.41345
chr21_41614759-41654495	41614759	41654495	39736	5096	463	3070	323	0.602433	3.2734
chr21_41654495-41670780	41654495	41670780	16285	5096	634	1384	410	0.271586	5.56585
chr21_41670780-41677218	41670780	41677218	6438	5096	30	1527	12	0.299647	2.24477
chr21_41677218-41702840	41677218	41702840	25622	5096	1331	1188	908	0.233124	7.55129
chr21_41702840-41716229	41702840	41716229	13389	5096	667	672	439	0.131868	5.77728
chr21_41716229-41723056	41716229	41723056	6827	5096	50	2920	25	0.572998	2.02485
chr21_41723056-41755780	41723056	41755780	32724	5096	957	1997	679	0.391876	5.40801
chr21_41755780-41779463	41755780	41779463	23683	5096	366	973	208	0.190934	5.33529
chr21_41779463-41835008	41779463	41835008	55545	5096	999	2130	757	0.417975	5.20797
chr21_41835008-41855617	41835008	41855617	20609	5096	54	3211	31	0.630102	1.64436
chr21_41855617-41883366	41855617	41883366	27749	5096	144	2006	80	0.393642	2.67327
chr21_41883366-41895976	41883366	41895976	12610	5096	40	2874	18	0.563972	2.02997
chr21_41895976-41902338	41895976	41902338	6362	5096	54	2966	27	0.582025	1.94805
chr21_41902338-41914061	41902338	41914061	11723	5096	84	2210	43	0.433673	2.82846
chr21_41914061-41925433	41914061	41925433	11372	5096	330	963	170	0.188972	4.92888
chr21_41925433-41943577	41925433	41943577	18144	5096	167	2818	86	0.552983	2.95689
chr21_41943577-42023389	41943577	42023389	79812	5096	393	1931	279	0.378925	3.57158
chr21_42023389-42038905	42023389	42038905	15516	5096	165	4166	105	0.817504	1.5322
chr21_42038905-42078821	42038905	42078821	39916	5096	1547	826	1152	0.162088	7.26105
chr21_42078821-42112984	42078821	42112984	34163	5096	711	1230	506	0.241366	5.27386
chr21_42112984-42125103	42112984	42125103	12119	5096	98	2162	48	0.424254	2.71538
chr21_42125103-42135548	42125103	42135548	10445	5096	201	2808	123	0.55102	2.83825
chr21_42135548-42145130	42135548	42145130	9582	5096	112	2570	61	0.504317	2.66561
chr21_42145130-42222328	42145130	42222328	77198	5096	273	3073	180	0.603022	2.70076
chr21_42222328-42251523	42222328	42251523	29195	5096	106	2581	55	0.506476	2.15732
chr21_42251523-42269381	42251523	42269381	17858	5096	44	1966	23	0.385793	2.03749
chr21_42269381-42286991	42269381	42286991	17610	5096	93	3257	64	0.639129	1.80028
chr21_42286991-42308513	42286991	42308513	21522	5096	138	2151	70	0.422096	2.90323
chr21_42308513-42367392	42308513	42367392	58879	5096	730	1308	523	0.256672	4.89002
chr21_42367392-42373905	42367392	42373905	6513	5096	163	1944	85	0.381476	3.37538
chr21_42373905-42388818	42373905	42388818	14913	5096	409	1530	228	0.300235	4.60008
chr21_42388818-42457854	42388818	42457854	69036	5096	1449	862	1045	0.169152	7.6757
chr21_42457854-42477737	42457854	42477737	19883	5096	127	1335	70	0.26197	3.02203
chr21_42477737-42581662	42477737	42581662	103925	5096	542	1827	392	0.358516	4.10513
chr21_42581662-42601456	42581662	42601456	19794	5096	215	2189	128	0.429553	2.85468
chr21_42601456-42633356	42601456	42633356	31900	5096	868	1503	569	0.294937	5.36442
chr21_42633356-42657127	42633356	42657127	23771	5096	173	2595	99	0.509223	2.50864
chr21_42657127-42683839	42657127	42683839	26712	5096	621	2894	399	0.567896	4.10094
chr21_42683839-42738295	42683839	42738295	54456	5096	75	3448	45	0.676609	1.77164
chr21_42738295-42752803	42738295	42752803	14508	5096	127	3130	71	0.614207	2.32892
chr21_42752803-42776284	42752803	42776284	23481	5096	150	2229	95	0.437402	2.14356
chr21_42776284-42781913	42776284	42781913	5629	5096	26	3959	8	0.776884	1.22066
chr21_42781913-42856277	42781913	42856277	74364	5096	624	980	427	0.192308	5.04687
chr21_42856277-42937776	42856277	42937776	81499	5096	215	2835	138	0.556319	2.68999
chr21_42937776-42972160	42937776	42972160	34384	5096	174	1837	109	0.360479	2.97373
chr21_42972160-43029231	42972160	43029231	57071	5096	2	4328	0	0.849294	0.611605
chr21_43029231-43188550	43029231	43188550	159319	5096	954	1976	619	0.387755	5.81521
chr21_43188550-43203732	43188550	43203732	15182	5096	174	1552	81	0.304553	3.60363
chr21_43203732-43277403	43203732	43277403	73671	5096	295	715	180	0.140306	4.93631
chr21_43277403-43301502	43277403	43301502	24099	5096	94	2423	68	0.475471	2.33922
chr21_43301502-43316011	43301502	43316011	14509	5096	240	2697	146	0.529239	2.64515
chr21_43316011-43330763	43316011	43330763	14752	5096	9	3815	3	0.748626	1.17207
chr21_43330763-43354430	43330763	43354430	23667	5096	263	1051	155	0.20624	4.20922
chr21_43354430-43375924	43354430	43375924	21494	5096	385	1970	237	0.386578	4.05242
chr21_43375924-43716494	43375924	43716494	340570	5096	4	3278	1	0.64325	1.1742
chr21_43716494-43741018	43716494	43741018	24524	5096	55	3186	27	0.625196	1.74569
chr21_43741018-43756077	43741018	43756077	15059	5096	70	1782	31	0.349686	2.57911
chr21_43756077-43773282	43756077	43773282	17205	5096	28	2666	13	0.523155	1.98109
chr21_43773282-43834895	43773282	43834895	61613	5096	791	2836	530	0.556515	4.44781
chr21_43834895-43949553	43834895	43949553	114658	5096	419	3080	340	0.604396	2.83
chr21_43949553-43994238	43949553	43994238	44685	5096	953	985	650	0.193289	6.6542
chr21_43994238-44254235	43994238	44254235	259997	5096	611	1648	531	0.323391	3.42261
chr21_44254235-44293094	44254235	44293094	38859	5096	544	1473	362	0.28905	4.63076
chr21_44293094-44336461	44293094	44336461	43367	5096	1701	667	1181	0.130887	8.59334
chr21_44336461-44436513	44336461	44436513	100052	5096	678	3092	563	0.60675	3.34225
chr21_44436513-44519115	44436513	44519115	82602	5096	723	3130	514	0.614207	3.94077
chr21_44519115-44557672	44519115	44557672	38557	5096	632	1718	497	0.337127	4.19732
chr21_44557672-44588536	44557672	44588536	30864	5096	2	5090	0	0.998823	0.0131539
chr21_44588536-44622620	44588536	44622620	34084	5096	729	1219	487	0.239207	5.54053
chr21_44622620-44647263	44622620	44647263	24643	5096	285	1730	166	0.339482	3.5192
chr21_44647263-44677601	44647263	44677601	30338	5096	29	2671	14	0.524137	1.85775
chr21_44677601-44704141	44677601	44704141	26540	5096	15	3289	8	0.645408	1.06611
chr21_44704141-44710296	44704141	44710296	6155	5096	144	1138	71	0.223312	3.40237
chr21_44710296-44726008	44710296	44726008	15712	5096	307	1779	191	0.349097	4.36373
chr21_44726008-44756992	44726008	44756992	30984	5096	1383	758	927	0.148744	7.864
chr21_44756992-44824227	44756992	44824227	67235	5096	349	1448	219	0.284144	3.74241
chr21_44824227-44888526	44824227	44888526	64299	5096	129	2508	91	0.492151	2.4065
chr21_44888526-44900398	44888526	44900398	11872	5096	105	1723	52	0.338108	2.77158
chr21_44900398-44917311	44900398	44917311	16913	5096	462	1698	282	0.333203	4.34523
chr21_44917311-45008443	44917311	45008443	91132	5096	240	2249	212	0.441327	2.62374
chr21_45008443-45031880	45008443	45031880	23437	5096	30	2426	18	0.47606	1.66729
chr21_45031880-45063905	45031880	45063905	32025	5096	228	2217	138	0.435047	2.99052
chr21_45063905-45163624	45063905	45163624	99719	5096	144	4641	88	0.910714	0.935201
chr21_45163624-45226349	45163624	45226349	62725	5096	187	1691	108	0.331829	2.89323
chr21_45226349-45294671	45226349	45294671	68322	5096	163	2748	107	0.539246	2.50971
chr21_45294671-45326246	45294671	45326246	31575	5096	565	2966	344	0.582025	4.15207
chr21_45326246-45341192	45326246	45341192	14946	5096	472	2542	282	0.498823	3.90907
chr21_45341192-45400929	45341192	45400929	59737	5096	291	3241	232	0.635989	2.14689
chr21_45400929-45421204	45400929	45421204	20275	5096	598	1858	400	0.3646	4.74248
chr21_45421204-45428674	45421204	45428674	7470	5096	7	2759	0	0.541405	1.87097
chr21_45428674-45477307	45428674	45477307	48633	5096	793	2462	592	0.483124	4.29481
chr21_45477307-45504295	45477307	45504295	26988	5096	831	1802	612	0.353611	5.13192
chr21_45504295-45540684	45504295	45540684	36389	5096	2031	1510	1553	0.296311	7.91782
chr21_45540684-45593491	45540684	45593491	52807	5096	83	2718	57	0.533359	1.40723
chr21_45593491-45611134	45593491	45611134	17643	5096	18	2533	5	0.497057	1.46437
chr21_45611134-45841792	45611134	45841792	230658	5096	134	1973	120	0.387166	2.06951
chr21_45841792-45989666	45841792	45989666	147874	5096	1130	1928	1067	0.378336	4.40597
chr21_45989666-46050397	45989666	46050397	60731	5096	503	1919	385	0.37657	3.15591
chr21_46050397-46072023	46050397	46072023	21626	5096	997	947	720	0.185832	6.47748
chr21_46072023-46079431	46072023	46079431	7408	5096	91	2318	49	0.454867	2.85206
chr21_46079431-46096080	46079431	46096080	16649	5096	751	644	457	0.126374	6.53637
chr21_46096080-46142503	46096080	46142503	46423	5096	303	1906	250	0.374019	3.10638
chr21_46142503-46159754	46142503	46159754	17251	5096	232	3943	147	0.773744	2.04235
