chr	n_blocks	total_clusters	mean_entropy	mean_dominance	mean_singletons
chr1	3040	850419	2.869	0.488	0.565
chr2	3080	872426	2.899	0.487	0.562
chr3	2565	611876	2.837	0.476	0.534
chr4	2428	680872	2.817	0.496	0.565
chr5	2329	642772	2.957	0.468	0.562
chr6	2271	628217	2.958	0.467	0.555
chr7	2074	634059	3.005	0.472	0.578
chr8	1959	548397	2.882	0.483	0.566
chr9	1738	499238	2.988	0.474	0.57
chr10	1955	517029	2.82	0.488	0.551
chr11	1817	481383	2.778	0.502	0.553
chr12	1884	512959	2.886	0.48	0.551
chr13	1381	363165	2.73	0.508	0.544
chr14	1230	334049	2.891	0.484	0.562
chr15	1191	360656	2.996	0.481	0.573
chr16	1313	430271	3.071	0.479	0.579
chr17	1217	413406	3.124	0.472	0.576
chr18	1210	330456	2.899	0.49	0.547
chr19	992	447444	3.651	0.419	0.622
chr20	1042	324754	3.142	0.458	0.553
chr21	585	162844	2.901	0.49	0.567
chr22	657	240968	3.335	0.443	0.586
chrX	831	831	0	1	0
